[
  {
    "id": "love-all-serve-all",
    "title": "New Album \"LOVE ALL SERVE ALL\" Behind the Scenes",
    "date": "December 15, 2024",
    "image": "LOVE ALL SERVE ALL.jpg",
    "excerpt": "...",
    "content": "...",
    "wikipedia": "https://en.wikipedia.org/wiki/Love_All_Serve_All"
  },
  {
    "id": "world-tour-2024",
    "title": "World Tour 2024: A Journey Across Continents",
    "date": "...",
    "image": "World Tour 2024.jpg",
    "excerpt": "...",
    "content": "...",
    "wikipedia": "https://eventsliker.com/fujii-kaze-tour-2024/"
  },
  {
    "id": "an-interview",
    "title": "An Interview with Fuji Kaze",
    "date": "...",
    "image": "fuji.jpg",
    "excerpt": "...",
    "content": "...",
    "wikipedia": "https://se7en.ws/interview-with-fujii-kaze-exploring-the-making-of-workin-hard-song-and-first-international-tour/?lang=en"    
    },
  {
    "id": "collab-img",
    "title": "Exciting Collaborations Announced",
    "date": "...",
    "image": "collab.jpg",
    "excerpt": "...",
    "content": "...",
    "wikipedia": "https://tokytunes.com/jp-drops-2774/"
  },
  {
    "id": "bhd-img",
    "title": "Behind the Design: Album Art",
    "date": "October 25, 2024",
    "image": "bhd.jpg",
    "excerpt": "...",
    "content": "...",
    "wikipedia": "https://www.shasstudio.com/kazefujii"
  },
  {
    "id": "fans-stories",
    "title": "Fans' Stories: How Fuji Kaze Changed My Life",
    "date": "October 5, 2024",
    "image": "fans.jpg",
    "excerpt": "...",
    "content": "...",
    "wikipedia": "https://ayellowumbrella.com/the-a-to-z-of-fujii-kaze/"
  }
]